word,n
data,20
master,11
box,9
black,6
network,6
business,5
dgo,5
team,5
management,4
related,4
services,4
benefits,3
experience,3
job,3
practices,3
responsible,3
service,3
skills,3
status,3
system,3
ability,2
adherence,2
communication,2
company,2
competitive,2
customers,2
ensuring,2
erp,2
governance,2
opportunities,2
policies,2
process,2
programs,2
services143,2
solutions,2
training,2
validation,2
"3,000",1
30,1
401k,1
abilitiesmust,1
accessibility,1
accordance,1
accuracy,1
achievements,1
act,1
add,1
addition,1
additional,1
administrator,1
adoption,1
advancement,1
age,1
ago,1
aid,1
allowed,1
ambassador,1
analysis,1
analytical,1
applications.ability,1
appropriately,1
appropriateperform,1
appropriateserve,1
approved,1
aptitude,1
assigned,1
assistance,1
attracting,1
attributes,1
audit,1
based,1
basis,1
box.ensure,1
building,1
categories,1
center,1
challenging,1
change,1
cleanliness,1
codes,1
color,1
compensation,1
computer,1
correct,1
corrections,1
coverage,1
create,1
creates,1
cross,1
dailyapplication,1
database,1
days,1
dedicated,1
definitions,1
degree,1
deleteswhat’s,1
deliver,1
demonstrating,1
dental,1
deploy,1
descriptions,1
design,1
designations,1
desire,1
detail,1
disability,1
discriminate,1
drive,1
duties,1
education,1
efficiencies,1
employee,1
employer,1
endorses,1
ensure,1
entered,1
enterprise.together,1
environment,1
environmentknowledge,1
equal,1
equivalent,1
excellence,1
executing,1
expert,1
federal,1
fields,1
fieldsprefer,1
fitness,1
focused,1
formatting,1
framework,1
functional,1
functions,1
genetic,1
global,1
growth,1
guides,1
helping,1
here.overviewpurpose,1
hire,1
identify,1
identity,1
impact,1
implementations,1
improve,1
improving,1
includes,1
individual,1
individuals,1
information,1
infrastructure,1
insurance,1
integrator,1
integrity,1
interact,1
internal,1
interrelationship,1
issuesinterface,1
item,1
items.work,1
job:the,1
jobapply,1
jobs.black,1
key,1
knowledge,1
lawrence,1
laws,1
leadership,1
leading,1
level,1
levels,1
life,1
local,1
maintain,1
manage,1
managementexperience,1
marital,1
mass,1
materials,1
matrixed,1
matter,1
medical,1
meets,1
methodical,1
model,1
national,1
neededutilize,1
needs.becomes,1
nowapply,1
offers,1
office,1
operating,1
operational,1
operationsdevelop,1
opportunity,1
organization,1
organization.understanding,1
organized.demonstrated,1
orientation,1
oriented,1
orientedqualificationseducation,1
origin,1
original,1
pablack,1
package,1
parameters,1
party,1
people,1
persons,1
plusexperience,1
preferred3,1
presence,1
presentation,1
procedures,1
processes,1
production,1
products,1
professionally,1
promote,1
promoting,1
protected,1
protection,1
provide,1
provider,1
qualified,1
quality,1
race,1
recommended,1
recruit,1
reimbursements,1
relevant,1
religion,1
repetitive,1
reports,1
requirements,1
requirements.excellent,1
requirementsbachelor’s,1
requires,1
responsibilitiescreate,1
resultscustomer,1
reviews,1
reviewsread,1
reward,1
rewards,1
roles,1
sap,1
save,1
scholarship,1
seek,1
senior,1
servicesblack,1
sex,1
sexual,1
sharing,1
shortage,1
sitesave,1
sme,1
speed,1
stakeholders,1
standard,1
standardization,1
standardizing,1
steward,1
stewardblack,1
subject,1
suppliers,1
systems.responsibilitiesprimary,1
talent,1
teams,1
technology,1
testing,1
theft,1
timeliness,1
timely,1
total,1
train,1
translate,1
trendsperforms,1
understand,1
updates,1
user,1
users,1
valid,1
validate,1
validated,1
variety,1
veteran,1
vision,1
wide,1
